{
  "ann_return": 0.19390281917660523,
  "ann_vol": 0.16023254411219354,
  "max_drawdown": -0.22694922002207218,
  "sharpe": 1.1861031729961766,
  "sortino": 1.4518319977965197,
  "omega": 1.290609123483916,
  "deflated_sharpe_ratio_approx": 0.8909640798211633
}