{
  "ann_return": 0.2071543835429448,
  "ann_vol": 0.1713131732335587,
  "max_drawdown": -0.21821784061876337,
  "sharpe": 1.1845004933180487,
  "sortino": 1.4451229313380465,
  "omega": 1.2939582884501626,
  "deflated_sharpe_ratio_approx": 0.8902945878319628
}