{
  "assumptions": {
    "simulate": "t-daily",
    "mu_annual": 0.13664065337302,
    "sigma_annual": 0.21851927198812923,
    "nu": 8,
    "calibrated_from_cache": false
  },
  "sortino": 0.9788719415664673,
  "omega": 1.108332872390747,
  "nav_percentiles": {
    "y": [
      1,
      2,
      3,
      4,
      5,
      6,
      7,
      8,
      9,
      10
    ],
    "p05": [
      389432.8,
      375391.040625,
      374820.5859375,
      382046.8125,
      394617.3640625,
      406876.0484375,
      418252.31562500005,
      438983.2203125,
      460115.9296875,
      484620.4375
    ],
    "p25": [
      482906.5859375,
      505303.359375,
      541692.78125,
      584205.9375,
      630417.3125,
      683750.671875,
      740633.96875,
      808577.203125,
      880246.40625,
      960891.8125
    ],
    "p50": [
      558970.375,
      623498.75,
      695883.1875,
      780720.15625,
      877562.3125,
      979312.34375,
      1086600.9375,
      1218029.75,
      1371119.8125,
      1543312.375
    ],
    "p75": [
      649507.75,
      772670.546875,
      899582.859375,
      1046146.78125,
      1214524.65625,
      1402178.5,
      1617709.6875,
      1857855.3125,
      2124590.875,
      2451308.9375
    ],
    "p95": [
      802545.178125,
      1044441.8374999998,
      1308571.6812499997,
      1617092.5437499997,
      1945181.5562499985,
      2338961.8124999995,
      2811807.7249999996,
      3391396.3374999966,
      3971536.9874999956,
      4758818.949999999
    ]
  }
}