{
  "ann_return": 0.252415937184125,
  "ann_vol": 0.1843359009448792,
  "max_drawdown": -0.21813224865022107,
  "sharpe": 1.3130232938007567,
  "sortino": 1.6120199995416107,
  "omega": 1.3356620507930597,
  "deflated_sharpe_ratio_approx": 0.9350880819574989
}