{
  "ann_return": 0.24339710785295865,
  "ann_vol": 0.1825247424901553,
  "max_drawdown": -0.21766254977560096,
  "sharpe": 1.2846197099928856,
  "sortino": 1.5757333460986132,
  "omega": 1.3275935226486792,
  "deflated_sharpe_ratio_approx": 0.926670753529246
}