{
  "ann_return": 0.22080473870034734,
  "ann_vol": 0.16296727536415967,
  "max_drawdown": -0.17989883307042875,
  "sharpe": 1.3056990304702287,
  "sortino": 1.6094004041091599,
  "omega": 1.3356676998251633,
  "deflated_sharpe_ratio_approx": 0.9329929071272662
}