{
  "sortino": 0.46079109819199926,
  "omega": 1.043215036392212,
  "nav_percentiles": {
    "y": [
      1,
      2,
      3,
      4,
      5,
      6,
      7,
      8,
      9,
      10
    ],
    "p05": [
      404610.88593750005,
      357078.634375,
      356850.9640625,
      340313.940625,
      312373.3125,
      306295.2734375,
      312180.4390625,
      289055.859375,
      268478.98671875003,
      295195.284375
    ],
    "p25": [
      458016.296875,
      449591.8046875,
      461148.8203125,
      452768.5078125,
      469153.34375,
      458205.6484375,
      468443.015625,
      474300.234375,
      471208.7578125,
      476412.9921875
    ],
    "p50": [
      515106.65625,
      530509.65625,
      550674.03125,
      568529.0625,
      595854.75,
      628604.34375,
      629893.46875,
      638791.34375,
      692811.78125,
      678122.71875
    ],
    "p75": [
      569567.453125,
      621765.40625,
      667191.875,
      703985.8125,
      753073.75,
      772368.046875,
      828787.953125,
      914361.140625,
      952971.8125,
      982999.546875
    ],
    "p95": [
      658041.496875,
      765092.6749999999,
      856654.8624999997,
      948300.7312499997,
      1116504.2874999996,
      1203391.4687499998,
      1253681.3812499985,
      1352504.2374999998,
      1466725.10625,
      1478207.7687499996
    ]
  }
}