{
  "ann_return": 0.20075960530600967,
  "ann_vol": 0.17325201490541564,
  "max_drawdown": -0.23595914914647764,
  "sharpe": 1.1424762749680428,
  "sortino": 1.392261539023884,
  "omega": 1.2809313319037705,
  "deflated_sharpe_ratio_approx": 0.8716763869570308
}