{
  "ann_return": 0.12061041243783044,
  "ann_vol": 0.10931095252584858,
  "max_drawdown": -0.14852410160453677,
  "sharpe": 1.0963998648453652,
  "sortino": 1.3669863968592693,
  "omega": 1.2696794320068086,
  "deflated_sharpe_ratio_approx": 0.8488624731612827
}