{
  "ann_return": 0.19808939588239216,
  "ann_vol": 0.17438921571672977,
  "max_drawdown": -0.23835147000387624,
  "sharpe": 1.1233847673801671,
  "sortino": 1.3663129096797555,
  "omega": 1.2754520722031826,
  "deflated_sharpe_ratio_approx": 0.8625313871182338
}