{
  "assumptions": {
    "simulate": "t-daily",
    "mu_annual": 0.07670815064629292,
    "sigma_annual": 0.21523377368183136,
    "nu": 8,
    "calibrated_from_cache": false
  },
  "sortino": 0.5545023620570447,
  "omega": 1.060495376586914,
  "nav_percentiles": {
    "y": [
      1,
      2,
      3,
      4,
      5,
      6,
      7,
      8,
      9,
      10
    ],
    "p05": [
      369004.825,
      336024.9359375,
      316756.225,
      304674.3421875,
      296981.475,
      289017.40468750003,
      280331.6140625,
      277562.8015625,
      274411.5078125,
      272738.5125
    ],
    "p25": [
      456166.828125,
      450313.0859375,
      455275.828125,
      463082.3125,
      471141.8828125,
      481911.7890625,
      492164.1640625,
      506627.0234375,
      520125.4453125,
      535339.90625
    ],
    "p50": [
      526830.09375,
      553921.125,
      582711.75,
      616080.5,
      652753.59375,
      686609.71875,
      718054.96875,
      758647.46875,
      804882.625,
      853673.4375
    ],
    "p75": [
      610829.28125,
      684247.875,
      750329.15625,
      821974.59375,
      899147.890625,
      977786.5,
      1062682.0,
      1149995.71875,
      1238984.84375,
      1346945.71875
    ],
    "p95": [
      752402.0406249999,
      920840.4312499998,
      1085569.7999999996,
      1262554.5187499998,
      1429832.2312499988,
      1618751.2812499998,
      1832506.46875,
      2080383.5124999974,
      2294727.437499997,
      2589040.5874999994
    ]
  }
}