{
  "assumptions": {
    "simulate": "t-daily",
    "mu_annual": 0.04743646827047516,
    "sigma_annual": 0.19352609879565527,
    "nu": 8,
    "calibrated_from_cache": false
  },
  "sortino": 0.38056160466379785,
  "omega": 1.0410521030426025,
  "nav_percentiles": {
    "y": [
      1,
      2,
      3,
      4,
      5,
      6,
      7,
      8,
      9,
      10
    ],
    "p05": [
      373122.925,
      336433.7421875,
      312961.1796875,
      296205.61875,
      283895.7609375,
      271906.603125,
      259453.75703125002,
      252058.25859375,
      244365.63046875,
      238778.45468750002
    ],
    "p25": [
      451563.9765625,
      437750.2578125,
      433505.4609375,
      431911.671875,
      429907.3359375,
      430624.265625,
      430107.0,
      433078.515625,
      434902.9140625,
      437779.5390625
    ],
    "p50": [
      514007.484375,
      527315.78125,
      541341.46875,
      558149.8125,
      576485.1875,
      592022.375,
      604254.75,
      622418.59375,
      644091.03125,
      665465.59375
    ],
    "p75": [
      587201.359375,
      637648.25,
      679484.1875,
      723021.75,
      769105.875,
      813388.046875,
      859890.1875,
      905464.390625,
      949423.328125,
      1003521.421875
    ],
    "p95": [
      708392.0499999999,
      833141.3124999998,
      947247.6187499999,
      1064138.9625,
      1167033.5749999995,
      1279837.3312499998,
      1403273.0374999999,
      1541979.8374999966,
      1651933.1999999983,
      1806565.8687499997
    ]
  }
}