{
  "metrics": {
    "ann_return": 0.2717920070456994,
    "ann_vol": 0.19847188151419687,
    "max_drawdown": -0.23595914914647764,
    "sharpe": 1.310590005317767,
    "sortino": 1.8296211847905497,
    "omega": 1.2809313319037703,
    "deflated_sharpe_ratio": 0.8719777456268376
  },
  "spa": {
    "method": "fallback_block_bootstrap",
    "models": [
      "Strategy",
      "EqualWeight"
    ],
    "spa_statistics": null,
    "spa_pvalues": [
      0.5095,
      0.5
    ]
  },
  "monte_carlo": {
    "assumptions": {
      "simulate": "t-daily",
      "mu_annual": 0.13741923082292845,
      "sigma_annual": 0.2222710543242514,
      "nu": 8,
      "calibrated_from_cache": false
    },
    "sortino": 0.9678952693939209,
    "omega": 1.107051134109497,
    "nav_percentiles": {
      "y": [
        1,
        2,
        3,
        4,
        5,
        6,
        7,
        8,
        9,
        10
      ],
      "p05": [
        387017.3359375,
        372047.0875,
        370747.8875,
        377341.9015625,
        389167.815625,
        400574.275,
        411220.80000000005,
        431082.996875,
        451458.96875000006,
        474813.5578125
      ],
      "p25": [
        481641.8203125,
        503385.265625,
        539223.96875,
        581070.125,
        626674.5,
        679201.75,
        735483.59375,
        802459.671875,
        873033.84375,
        952672.296875
      ],
      "p50": [
        558950.0,
        623389.625,
        695705.21875,
        780569.71875,
        877381.9375,
        978970.9375,
        1085990.375,
        1217382.625,
        1370475.9375,
        1542597.375
      ],
      "p75": [
        651160.296875,
        775399.59375,
        903389.34375,
        1051119.65625,
        1220778.71875,
        1410416.78125,
        1628005.65625,
        1870280.75,
        2139590.4375,
        2469300.9375
      ],
      "p95": [
        807454.23125,
        1053508.6874999998,
        1322540.6749999996,
        1636909.6124999998,
        1971412.9687499988,
        2373312.537499999,
        2855867.774999999,
        3449748.737499997,
        4042709.987499995,
        4849291.824999999
      ]
    }
  }
}