{
  "metrics": {
    "ann_return": 0.16142226338310706,
    "ann_vol": 0.12523115134657256,
    "max_drawdown": -0.14852410224580126,
    "sharpe": 1.257652429638254,
    "sortino": 1.796406127058289,
    "omega": 1.2696794393895512,
    "deflated_sharpe_ratio": 0.8491488411692514
  },
  "spa": {
    "method": "fallback_block_bootstrap",
    "models": [
      "Strategy",
      "EqualWeight"
    ],
    "spa_statistics": null,
    "spa_pvalues": [
      0.4735,
      0.484
    ]
  },
  "monte_carlo": {
    "assumptions": {
      "simulate": "t-daily",
      "mu_annual": 0.07910717380546987,
      "sigma_annual": 0.22982344038029115,
      "nu": 8,
      "calibrated_from_cache": false
    },
    "sortino": 0.5357852145413337,
    "omega": 1.0583577156066895,
    "nav_percentiles": {
      "y": [
        1,
        2,
        3,
        4,
        5,
        6,
        7,
        8,
        9,
        10
      ],
      "p05": [
        359945.36562500003,
        324101.775,
        302973.8921875,
        289443.5859375,
        280464.1125,
        270968.2875,
        261223.31328125,
        257333.928125,
        253158.09687500002,
        250230.884375
      ],
      "p25": [
        451218.0703125,
        443103.6796875,
        446341.2578125,
        452363.0859375,
        458808.390625,
        467858.6875,
        476647.265625,
        489257.046875,
        500778.0078125,
        514157.7890625
      ],
      "p50": [
        526397.78125,
        552816.0625,
        580946.34375,
        613925.28125,
        650075.6875,
        683115.625,
        713195.875,
        752880.875,
        798414.71875,
        846649.59375
      ],
      "p75": [
        616463.640625,
        692834.953125,
        760968.203125,
        835106.328125,
        914754.171875,
        995953.34375,
        1084332.34375,
        1173844.03125,
        1265809.9375,
        1376781.3125
      ],
      "p95": [
        769955.815625,
        951073.7593749999,
        1129038.1374999997,
        1320318.8499999996,
        1501529.5812499996,
        1706416.406249999,
        1938770.8437499995,
        2211434.162499999,
        2444280.6374999974,
        2767473.7874999996
      ]
    }
  }
}