{
  "metrics": {
    "ann_return": 0.26807670689644647,
    "ann_vol": 0.1997800212770912,
    "max_drawdown": -0.23835147000387624,
    "sharpe": 1.2886543806675461,
    "sortino": 1.7955211535582125,
    "omega": 1.2754520722031826,
    "deflated_sharpe_ratio": 0.8628272337015727
  },
  "spa": {
    "method": "fallback_block_bootstrap",
    "models": [
      "Strategy",
      "EqualWeight"
    ],
    "spa_statistics": null,
    "spa_pvalues": [
      0.524,
      0.4895
    ]
  },
  "monte_carlo": {
    "assumptions": {
      "simulate": "t-daily",
      "mu_annual": 0.13741931712463115,
      "sigma_annual": 0.22227322790254259,
      "nu": 8,
      "calibrated_from_cache": false
    },
    "sortino": 0.9678865671157837,
    "omega": 1.1070501804351807,
    "nav_percentiles": {
      "y": [
        1,
        2,
        3,
        4,
        5,
        6,
        7,
        8,
        9,
        10
      ],
      "p05": [
        387015.8625,
        372044.5546875,
        370746.4203125,
        377339.0015625,
        389164.240625,
        400570.35625,
        411214.934375,
        431077.2359375,
        451451.75781250006,
        474805.3140625
      ],
      "p25": [
        481640.9921875,
        503384.28125,
        539222.640625,
        581067.984375,
        626672.015625,
        679197.90625,
        735480.125,
        802455.59375,
        873027.0625,
        952666.75
      ],
      "p50": [
        558949.65625,
        623389.53125,
        695704.875,
        780569.21875,
        877380.90625,
        978970.09375,
        1085987.6875,
        1217380.5625,
        1370464.6875,
        1542595.75
      ],
      "p75": [
        651160.8125,
        775399.90625,
        903392.3125,
        1051121.3125,
        1220780.3125,
        1410417.59375,
        1628007.03125,
        1870279.75,
        2139595.375,
        2469311.3125
      ],
      "p95": [
        807458.1875,
        1053514.2499999998,
        1322545.9999999998,
        1636919.9624999997,
        1971430.5437499988,
        2373326.4499999993,
        2855889.087499999,
        3449769.212499997,
        4042739.799999995,
        4849316.374999999
      ]
    }
  }
}