sector,weight
ETF,0.25
Information Technology,0.20023704739927337
Healthcare,0.1200000001752526
Industrials,0.10103218910576454
Bonds,0.1
Consumer Discretionary,0.09000000004695734
Renewable Energy,0.0662307635386135
Utilities,0.04249999971882515
Communication Services,0.030000000015313503
