sector,weight
ETF,0.25
Information Technology,0.20499999893278298
Healthcare,0.12000000035442754
Industrials,0.10749999894175889
Bonds,0.1
Consumer Discretionary,0.0900000003022056
Renewable Energy,0.056194062980474704
Utilities,0.04130593839140151
Communication Services,0.030000000096948736
