sector,weight
ETF,0.25
Information Technology,0.2049999990079694
Healthcare,0.1200000010386148
Industrials,0.10749999892521048
Bonds,0.1
Consumer Discretionary,0.09000000090817936
Renewable Energy,0.06741691976601497
Utilities,0.030083080217669277
Communication Services,0.030000000136341673
