sector,weight
ETF,0.25
Information Technology,0.20250000184547398
Healthcare,0.12000000166320741
Bonds,0.1
Industrials,0.09000000104235861
Consumer Discretionary,0.09000000070316427
Renewable Energy,0.07499999587640543
Utilities,0.04249999866639422
Communication Services,0.030000000202995918
